-- phpMyAdmin SQL Dump
-- version 5.2.0
-- https://www.phpmyadmin.net/
--
-- Host: 127.0.0.1
-- Generation Time: Nov 08, 2022 at 04:18 AM
-- Server version: 10.4.24-MariaDB
-- PHP Version: 8.1.6

SET SQL_MODE = "NO_AUTO_VALUE_ON_ZERO";
START TRANSACTION;
SET time_zone = "+00:00";


/*!40101 SET @OLD_CHARACTER_SET_CLIENT=@@CHARACTER_SET_CLIENT */;
/*!40101 SET @OLD_CHARACTER_SET_RESULTS=@@CHARACTER_SET_RESULTS */;
/*!40101 SET @OLD_COLLATION_CONNECTION=@@COLLATION_CONNECTION */;
/*!40101 SET NAMES utf8mb4 */;

--
-- Database: `db_busenquiry`
--

-- --------------------------------------------------------

--
-- Table structure for table `tbl_admin`
--

CREATE TABLE `tbl_admin` (
  `admin_mail` varchar(30) NOT NULL,
  `admin_pass` varchar(50) NOT NULL,
  `admin_id` int(11) NOT NULL,
  `admin_name` varchar(50) NOT NULL
) ENGINE=InnoDB DEFAULT CHARSET=utf8mb4;

--
-- Dumping data for table `tbl_admin`
--

INSERT INTO `tbl_admin` (`admin_mail`, `admin_pass`, `admin_id`, `admin_name`) VALUES
('admin@gmail.com', 'admin', 1, 'Admin');

-- --------------------------------------------------------

--
-- Table structure for table `tbl_busdetails`
--

CREATE TABLE `tbl_busdetails` (
  `bus_id` int(11) NOT NULL,
  `bus_name` varchar(30) NOT NULL,
  `bus_regno` varchar(40) NOT NULL,
  `bus_photo` varchar(100) NOT NULL,
  `bus_status` int(11) NOT NULL,
  `bus_insno` int(11) NOT NULL,
  `bus_capacity` int(11) NOT NULL,
  `owner_id` int(11) NOT NULL,
  `route_id` int(11) NOT NULL,
  `bustype_id` int(11) NOT NULL
) ENGINE=InnoDB DEFAULT CHARSET=utf8mb4;

--
-- Dumping data for table `tbl_busdetails`
--

INSERT INTO `tbl_busdetails` (`bus_id`, `bus_name`, `bus_regno`, `bus_photo`, `bus_status`, `bus_insno`, `bus_capacity`, `owner_id`, `route_id`, `bustype_id`) VALUES
(10, 'Grace', '2235353453', 'bus.jfif', 1, 2147483647, 60, 8, 8, 4),
(11, 'NMS', '568485', 'bus.jfif', 1, 38495349, 40, 13, 9, 4),
(13, 'OMS', '934587935923', 'bus.jfif', 1, 2147483647, 50, 15, 10, 3),
(14, 'Jesus', '534535346343', 'bus1.jpg', 1, 345353433, 30, 8, 8, 4),
(15, 'ABS', '6456246436234', 'bus1.jpg', 1, 2147483647, 50, 9, 17, 2),
(16, 'TVS', '6436436346', 'bus.jfif', 1, 25353453, 40, 9, 16, 4),
(17, 'GVS', '867867', 'bus.jfif', 1, 3423423, 60, 9, 18, 4),
(18, 'BBS', '4345345', 'bus.jfif', 1, 4534534, 40, 9, 19, 3),
(19, 'ABC', '4645735473', 'bus.jfif', 1, 2147483647, 33, 13, 14, 4),
(20, 'Komban', '987654', 'bus.jfif', 1, 456556, 56, 13, 15, 4),
(22, 'Lexus', '75463464', 'bus.jfif', 1, 685745745, 45, 14, 15, 4),
(23, 'Peter', '67456563', 'bus.jfif', 1, 5646346, 55, 14, 11, 4),
(24, 'KVG', '8765', 'bus.jfif', 1, 3553463, 50, 15, 12, 2),
(25, 'DDS', '564634634', 'bus.jfif', 1, 453453463, 50, 15, 13, 2),
(26, 'BMS', '5754745', 'bus.jfif', 1, 46456454, 45, 15, 20, 4),
(27, 'Rojan', '564575477', 'bus.jfif', 1, 567865745, 45, 8, 21, 4),
(28, 'Alvin', '77564363', 'bus.jfif', 1, 2147483647, 50, 8, 22, 4),
(29, 'Sajan', '7545675', 'bus.jfif', 1, 4364574, 45, 13, 23, 2),
(30, 'Johnson', '685747', 'bus.jfif', 1, 4534645, 44, 14, 24, 4),
(31, 'KMS', '7575685', 'bus.jfif', 1, 46364754, 50, 14, 25, 4),
(32, 'KMP', '546456456', 'bus.jfif', 1, 4634634, 50, 15, 26, 4),
(33, 'MBMS', '675457', 'bus.jfif', 1, 457457474, 30, 8, 14, 3);

-- --------------------------------------------------------

--
-- Table structure for table `tbl_busowner`
--

CREATE TABLE `tbl_busowner` (
  `owner_id` int(11) NOT NULL,
  `owner_name` varchar(50) NOT NULL,
  `owner_gender` varchar(8) NOT NULL,
  `owner_mail` varchar(40) NOT NULL,
  `owner_pass` varchar(50) NOT NULL,
  `owner_licenseno` varchar(50) NOT NULL,
  `owner_contact` varchar(50) NOT NULL,
  `owner_aadharno` varchar(20) NOT NULL,
  `owner_photo` varchar(100) NOT NULL,
  `owner_status` int(11) NOT NULL,
  `place_id` int(11) NOT NULL
) ENGINE=InnoDB DEFAULT CHARSET=utf8mb4;

--
-- Dumping data for table `tbl_busowner`
--

INSERT INTO `tbl_busowner` (`owner_id`, `owner_name`, `owner_gender`, `owner_mail`, `owner_pass`, `owner_licenseno`, `owner_contact`, `owner_aadharno`, `owner_photo`, `owner_status`, `place_id`) VALUES
(8, 'Sanjay Benoy', 'MALE', 'sanjaybenoy123@gmail.com', 'Sanjay123', '3453464', '4385783829', '143243240987', 'james.jpg', 1, 32),
(9, 'Nirmal Niketh', 'MALE', 'nirmalniketh1234@gmail.com', '1234', '87326643', '255724676', '443253443', 'nirmal.jpg', 1, 36),
(13, 'Basil Reji', 'MALE', 'basilpattullil@gmail.com', '1234', '438946349', '4534634342', '956954745459', 'basil.jpg', 1, 52),
(14, 'Anandhu Anilkumar', 'MALE', 'kuttuanandhu610@gmail.com', '1234', '234234235646', '8281855976', '4375347538457', 'anandhu.jpg', 1, 52),
(15, 'Jithin Thomas', 'MALE', 'jithinthomasakm@gmail.com', '1234', '95435782733', '4587465832', '84934658325764', '1.jpg', 1, 50),
(16, 'Varghese ', 'MALE', 'vargheseproy254@gmail.com', '1234', '46366346', '7559012043', '5678658', 'varghese.jpg', 0, 52);

-- --------------------------------------------------------

--
-- Table structure for table `tbl_busrate`
--

CREATE TABLE `tbl_busrate` (
  `busrate_id` int(11) NOT NULL,
  `bustype_id` int(11) NOT NULL,
  `busrate_minrate` int(11) NOT NULL,
  `busrate_minkm` int(11) NOT NULL,
  `busrate_addrate` int(11) NOT NULL,
  `busrate_addkm` int(11) NOT NULL
) ENGINE=InnoDB DEFAULT CHARSET=utf8mb4;

--
-- Dumping data for table `tbl_busrate`
--

INSERT INTO `tbl_busrate` (`busrate_id`, `bustype_id`, `busrate_minrate`, `busrate_minkm`, `busrate_addrate`, `busrate_addkm`) VALUES
(2, 2, 15, 10, 10, 5),
(3, 3, 20, 10, 15, 10),
(4, 4, 8, 2, 8, 7);

-- --------------------------------------------------------

--
-- Table structure for table `tbl_bustiming`
--

CREATE TABLE `tbl_bustiming` (
  `bustime_id` int(11) NOT NULL,
  `bus_id` int(11) NOT NULL,
  `routestop_id` int(11) NOT NULL,
  `bus_time` time NOT NULL
) ENGINE=InnoDB DEFAULT CHARSET=utf8mb4;

--
-- Dumping data for table `tbl_bustiming`
--

INSERT INTO `tbl_bustiming` (`bustime_id`, `bus_id`, `routestop_id`, `bus_time`) VALUES
(2, 4, 19, '14:00:00'),
(3, 5, 21, '08:30:00'),
(4, 7, 25, '09:00:00'),
(5, 7, 27, '10:00:00'),
(6, 4, 19, '10:32:00'),
(7, 10, 40, '06:05:00'),
(8, 10, 41, '06:30:00'),
(9, 10, 42, '06:45:00'),
(10, 10, 43, '07:00:00'),
(11, 10, 44, '07:15:00'),
(12, 10, 45, '07:30:00'),
(13, 10, 46, '07:40:00'),
(14, 10, 47, '08:10:00'),
(15, 10, 48, '08:15:00'),
(16, 10, 49, '08:20:00'),
(31, 14, 40, '08:30:00'),
(32, 14, 41, '08:41:00'),
(33, 14, 42, '08:50:00'),
(34, 14, 43, '09:00:00'),
(35, 14, 44, '09:05:00'),
(36, 14, 45, '09:10:00'),
(37, 14, 46, '09:16:00'),
(38, 14, 47, '09:30:00'),
(39, 14, 48, '09:40:00'),
(40, 14, 49, '09:50:00'),
(41, 11, 50, '13:00:00'),
(43, 11, 51, '13:10:00'),
(44, 11, 53, '13:15:00'),
(45, 11, 54, '13:30:00'),
(46, 11, 55, '13:35:00'),
(47, 11, 56, '13:40:00'),
(49, 11, 57, '13:45:00'),
(51, 11, 58, '13:50:00'),
(52, 11, 59, '13:55:00'),
(53, 11, 60, '14:00:00'),
(54, 13, 90, '07:30:00'),
(55, 13, 100, '07:40:00'),
(56, 13, 101, '08:00:00'),
(57, 13, 102, '08:15:00'),
(58, 13, 103, '08:30:00'),
(59, 13, 107, '08:35:00'),
(60, 13, 104, '08:45:00'),
(61, 13, 105, '08:55:00'),
(62, 13, 106, '09:00:00'),
(64, 23, 0, '07:40:00'),
(66, 23, 77, '08:00:00'),
(67, 23, 78, '08:15:00'),
(68, 23, 81, '08:40:00'),
(69, 23, 82, '09:00:00'),
(70, 23, 83, '09:10:00'),
(71, 23, 84, '09:30:00'),
(72, 23, 85, '09:35:00'),
(73, 23, 86, '09:45:00'),
(74, 23, 87, '09:55:00'),
(75, 23, 89, '10:05:00'),
(76, 24, 116, '13:00:00'),
(77, 24, 117, '13:15:00'),
(78, 24, 118, '13:30:00'),
(79, 24, 119, '13:35:00'),
(80, 24, 120, '13:50:00'),
(81, 24, 121, '14:20:00'),
(82, 24, 122, '14:35:00'),
(83, 24, 123, '14:40:00'),
(84, 25, 188, '08:00:00'),
(85, 25, 124, '08:10:00'),
(86, 25, 125, '08:20:00'),
(87, 25, 126, '08:30:00'),
(88, 25, 127, '08:40:00'),
(89, 25, 128, '09:00:00'),
(90, 25, 129, '09:15:00'),
(91, 25, 130, '09:30:00'),
(92, 19, 91, '07:00:00'),
(93, 19, 92, '07:15:00'),
(94, 19, 93, '07:30:00'),
(95, 19, 94, '07:40:00'),
(96, 19, 95, '07:45:00'),
(97, 19, 97, '07:55:00'),
(98, 19, 96, '08:10:00'),
(99, 19, 98, '08:25:00'),
(100, 19, 99, '08:35:00'),
(101, 33, 91, '13:00:00'),
(102, 33, 92, '13:15:00'),
(103, 33, 93, '13:30:00'),
(104, 33, 94, '13:40:00'),
(105, 33, 95, '13:45:00'),
(106, 33, 97, '13:55:00'),
(107, 33, 96, '14:10:00'),
(108, 33, 98, '14:25:00'),
(109, 33, 99, '14:35:00'),
(110, 20, 108, '15:00:00'),
(111, 20, 109, '15:10:00'),
(112, 20, 110, '15:16:00'),
(113, 20, 111, '15:30:00'),
(114, 20, 112, '15:35:00'),
(115, 20, 113, '15:51:00'),
(116, 20, 114, '16:00:00'),
(117, 20, 115, '16:10:00'),
(118, 22, 108, '10:00:00'),
(119, 22, 109, '10:10:00'),
(120, 22, 110, '10:16:00'),
(121, 22, 111, '10:30:00'),
(122, 22, 112, '10:35:00'),
(123, 22, 113, '10:51:00'),
(124, 22, 114, '11:00:00'),
(125, 22, 115, '11:10:00'),
(126, 16, 189, '08:00:00'),
(127, 16, 131, '08:06:00'),
(128, 16, 132, '08:19:00'),
(129, 16, 133, '08:30:00'),
(130, 16, 134, '08:36:00'),
(131, 16, 135, '08:45:00'),
(132, 15, 136, '09:00:00'),
(133, 15, 137, '09:11:00'),
(134, 15, 138, '09:15:00'),
(135, 15, 139, '09:20:00'),
(136, 17, 140, '10:00:00'),
(137, 17, 141, '10:10:00'),
(138, 17, 142, '10:24:00'),
(139, 17, 143, '10:35:00'),
(140, 17, 144, '10:45:00'),
(141, 18, 145, '14:00:00'),
(142, 18, 190, '14:10:00'),
(143, 18, 146, '14:35:00'),
(144, 18, 147, '14:40:00'),
(145, 18, 148, '14:50:00'),
(146, 18, 149, '15:00:00'),
(147, 26, 150, '08:00:00'),
(148, 26, 151, '08:10:00'),
(149, 26, 152, '08:20:00'),
(150, 26, 153, '08:30:00'),
(153, 27, 156, '10:20:00'),
(154, 27, 191, '09:00:00'),
(155, 27, 192, '09:05:00'),
(156, 27, 193, '09:15:00'),
(157, 27, 195, '09:20:00'),
(158, 27, 194, '09:25:00'),
(159, 28, 160, '13:00:00'),
(160, 28, 161, '13:05:00'),
(161, 28, 162, '13:15:00'),
(164, 28, 163, '13:20:00'),
(165, 28, 165, '13:25:00'),
(166, 29, 166, '12:00:00'),
(167, 29, 167, '12:10:00'),
(168, 29, 168, '12:20:00'),
(169, 29, 169, '12:25:00'),
(170, 29, 170, '12:40:00'),
(171, 30, 172, '15:00:00'),
(172, 30, 173, '15:05:00'),
(173, 30, 174, '15:15:00'),
(174, 30, 175, '15:25:00'),
(175, 31, 177, '08:00:00'),
(176, 31, 178, '08:05:00'),
(177, 31, 179, '08:10:00'),
(178, 31, 180, '08:15:00'),
(179, 31, 181, '08:30:00'),
(180, 32, 182, '09:00:00'),
(181, 32, 183, '09:05:00'),
(182, 32, 184, '09:15:00'),
(183, 32, 185, '09:25:00'),
(184, 32, 186, '09:30:00');

-- --------------------------------------------------------

--
-- Table structure for table `tbl_bustype`
--

CREATE TABLE `tbl_bustype` (
  `bustype_id` int(11) NOT NULL,
  `bustype_name` varchar(50) NOT NULL
) ENGINE=InnoDB DEFAULT CHARSET=utf8mb4;

--
-- Dumping data for table `tbl_bustype`
--

INSERT INTO `tbl_bustype` (`bustype_id`, `bustype_name`) VALUES
(2, 'SUPER FAST PASSENGER'),
(3, 'LIMITED STOP'),
(4, 'FAST PASSENGER');

-- --------------------------------------------------------

--
-- Table structure for table `tbl_category`
--

CREATE TABLE `tbl_category` (
  `category_id` int(11) NOT NULL,
  `category_name` varchar(20) NOT NULL
) ENGINE=InnoDB DEFAULT CHARSET=utf8mb4;

--
-- Dumping data for table `tbl_category`
--

INSERT INTO `tbl_category` (`category_id`, `category_name`) VALUES
(1, 'electronics');

-- --------------------------------------------------------

--
-- Table structure for table `tbl_cnclbus`
--

CREATE TABLE `tbl_cnclbus` (
  `cncl_id` int(11) NOT NULL,
  `bus_id` int(11) NOT NULL,
  `cncl_reason` varchar(400) NOT NULL
) ENGINE=InnoDB DEFAULT CHARSET=utf8mb4;

--
-- Dumping data for table `tbl_cnclbus`
--

INSERT INTO `tbl_cnclbus` (`cncl_id`, `bus_id`, `cncl_reason`) VALUES
(8, 12, 'low profit');

-- --------------------------------------------------------

--
-- Table structure for table `tbl_complaint`
--

CREATE TABLE `tbl_complaint` (
  `complaint_content` varchar(5000) NOT NULL,
  `ctype_id` int(11) NOT NULL,
  `user_id` int(11) NOT NULL,
  `complaint_date` date NOT NULL DEFAULT current_timestamp(),
  `complaint_reply` varchar(5020) NOT NULL,
  `complaint_id` int(11) NOT NULL,
  `bus_id` int(11) NOT NULL,
  `complaint_status` int(11) NOT NULL DEFAULT 0
) ENGINE=InnoDB DEFAULT CHARSET=utf8mb4;

--
-- Dumping data for table `tbl_complaint`
--

INSERT INTO `tbl_complaint` (`complaint_content`, `ctype_id`, `user_id`, `complaint_date`, `complaint_reply`, `complaint_id`, `bus_id`, `complaint_status`) VALUES
('The seats of this bus is very worse and are completely damaged', 1, 23, '2022-10-30', 'The seats have been changed....', 2, 5, 1);

-- --------------------------------------------------------

--
-- Table structure for table `tbl_complaintype`
--

CREATE TABLE `tbl_complaintype` (
  `ctype_id` int(11) NOT NULL,
  `ctype_name` varchar(500) NOT NULL
) ENGINE=InnoDB DEFAULT CHARSET=utf8mb4;

--
-- Dumping data for table `tbl_complaintype`
--

INSERT INTO `tbl_complaintype` (`ctype_id`, `ctype_name`) VALUES
(1, 'Less Comfort'),
(2, 'Bad Seats'),
(3, 'Irregular Timings');

-- --------------------------------------------------------

--
-- Table structure for table `tbl_dailycollection`
--

CREATE TABLE `tbl_dailycollection` (
  `collec_id` int(11) NOT NULL,
  `collec_date` date NOT NULL,
  `bus_id` int(11) NOT NULL,
  `collec_amt` varchar(10) NOT NULL
) ENGINE=InnoDB DEFAULT CHARSET=utf8mb4;

--
-- Dumping data for table `tbl_dailycollection`
--

INSERT INTO `tbl_dailycollection` (`collec_id`, `collec_date`, `bus_id`, `collec_amt`) VALUES
(10, '2022-10-01', 4, '5000'),
(11, '2022-10-01', 5, '4500'),
(12, '2022-10-01', 6, '5000'),
(13, '2022-10-01', 7, '5006'),
(14, '2022-10-01', 10, '6006'),
(15, '2022-10-02', 4, '4500'),
(16, '2022-10-02', 5, '4500'),
(17, '2022-10-02', 6, '5000'),
(18, '2022-10-02', 7, '5006'),
(19, '2022-10-02', 10, '6006'),
(20, '2022-10-03', 4, '4500'),
(21, '2022-10-03', 5, '4500'),
(22, '2022-10-03', 6, '5000'),
(23, '2022-10-03', 7, '5006'),
(24, '2022-10-03', 10, '6006'),
(25, '2022-10-04', 4, '4500'),
(26, '2022-10-04', 5, '4500'),
(27, '2022-10-04', 6, '5000'),
(28, '2022-10-04', 7, '5006'),
(29, '2022-10-04', 10, '6006'),
(30, '2022-10-05', 4, '4500'),
(31, '2022-10-05', 5, '4500'),
(32, '2022-10-05', 6, '5000'),
(33, '2022-10-05', 7, '5006'),
(34, '2022-10-05', 10, '6006'),
(35, '2022-10-06', 4, '4500'),
(36, '2022-10-06', 5, '4500'),
(37, '2022-10-06', 6, '5000'),
(38, '2022-10-06', 7, '5006'),
(39, '2022-10-06', 10, '6006'),
(40, '2022-10-07', 4, '4500'),
(41, '2022-10-07', 5, '4500'),
(42, '2022-10-07', 6, '5000'),
(43, '2022-10-07', 7, '5006'),
(44, '2022-10-07', 10, '6006'),
(45, '2022-10-08', 4, '4500'),
(46, '2022-10-08', 5, '4500'),
(47, '2022-10-08', 6, '5000'),
(48, '2022-10-08', 7, '5006'),
(49, '2022-10-08', 10, '6006'),
(50, '2022-10-09', 4, '4500'),
(51, '2022-10-09', 5, '4500'),
(52, '2022-10-09', 6, '5000'),
(53, '2022-10-09', 7, '5006'),
(54, '2022-10-09', 10, '6006'),
(55, '2022-10-10', 4, '4500'),
(56, '2022-10-10', 5, '4500'),
(57, '2022-10-10', 6, '5000'),
(58, '2022-10-10', 7, '5006'),
(59, '2022-10-10', 10, '6006'),
(60, '2022-10-11', 4, '4500'),
(61, '2022-10-11', 5, '4500'),
(62, '2022-10-11', 6, '5000'),
(63, '2022-10-11', 7, '5006'),
(64, '2022-10-11', 10, '6006'),
(65, '2022-10-12', 4, '4500'),
(66, '2022-10-12', 5, '4500'),
(67, '2022-10-12', 6, '5000'),
(68, '2022-10-12', 7, '5006'),
(69, '2022-10-12', 10, '6006'),
(70, '2022-10-13', 4, '4500'),
(71, '2022-10-13', 5, '4500'),
(72, '2022-10-13', 6, '5000'),
(73, '2022-10-13', 7, '5006'),
(74, '2022-10-13', 10, '6006'),
(75, '2022-10-14', 4, '4500'),
(76, '2022-10-14', 5, '4500'),
(77, '2022-10-14', 6, '5000'),
(78, '2022-10-14', 7, '5006'),
(79, '2022-10-14', 10, '6006'),
(80, '2022-10-15', 4, '4500'),
(81, '2022-10-15', 5, '4500'),
(82, '2022-10-15', 6, '5000'),
(83, '2022-10-15', 7, '5006'),
(84, '2022-10-15', 10, '6006'),
(85, '2022-10-16', 4, '4500'),
(86, '2022-10-16', 5, '4500'),
(87, '2022-10-16', 6, '5000'),
(88, '2022-10-16', 7, '5006'),
(89, '2022-10-16', 10, '6006'),
(90, '2022-10-17', 4, '4500'),
(91, '2022-10-17', 5, '4500'),
(92, '2022-10-17', 6, '5000'),
(93, '2022-10-17', 7, '5006'),
(94, '2022-10-17', 10, '6006'),
(95, '2022-10-18', 4, '4500'),
(96, '2022-10-18', 5, '4500'),
(97, '2022-10-18', 6, '5000'),
(98, '2022-10-18', 7, '5006'),
(99, '2022-10-18', 10, '6006'),
(100, '2022-10-19', 4, '4500'),
(101, '2022-10-19', 5, '4500'),
(102, '2022-10-19', 6, '5000'),
(103, '2022-10-19', 7, '5006'),
(104, '2022-10-19', 10, '6006'),
(105, '2022-10-20', 4, '4500'),
(106, '2022-10-20', 5, '4500'),
(107, '2022-10-20', 6, '5000'),
(108, '2022-10-20', 7, '5006'),
(109, '2022-10-20', 10, '6006'),
(110, '2022-10-21', 4, '4500'),
(111, '2022-10-21', 5, '4500'),
(112, '2022-10-21', 6, '5000'),
(113, '2022-10-21', 7, '5006'),
(114, '2022-10-21', 10, '6006'),
(115, '2022-10-22', 4, '4500'),
(116, '2022-10-22', 5, '4500'),
(117, '2022-10-22', 6, '5000'),
(118, '2022-10-22', 7, '5006'),
(119, '2022-10-22', 10, '6006'),
(120, '2022-10-23', 4, '4500'),
(121, '2022-10-23', 5, '4500'),
(122, '2022-10-23', 6, '5000'),
(123, '2022-10-23', 7, '5006'),
(124, '2022-10-23', 10, '6006'),
(125, '2022-10-24', 4, '4500'),
(126, '2022-10-24', 5, '4500'),
(127, '2022-10-24', 6, '5000'),
(128, '2022-10-24', 7, '5006'),
(129, '2022-10-24', 10, '6006'),
(130, '2022-10-25', 4, '4500'),
(131, '2022-10-25', 5, '4500'),
(132, '2022-10-25', 6, '5000'),
(133, '2022-10-25', 7, '5006'),
(134, '2022-10-25', 10, '6006'),
(135, '2022-10-26', 4, '4500'),
(136, '2022-10-26', 5, '4500'),
(137, '2022-10-26', 6, '5000'),
(138, '2022-10-26', 7, '5006'),
(139, '2022-10-26', 10, '6006'),
(140, '2022-10-27', 4, '4500'),
(141, '2022-10-27', 5, '4500'),
(142, '2022-10-27', 6, '5000'),
(143, '2022-10-27', 7, '5006'),
(144, '2022-10-27', 10, '6006'),
(145, '2022-10-28', 4, '4500'),
(146, '2022-10-28', 5, '4500'),
(147, '2022-10-28', 6, '5000'),
(148, '2022-10-28', 7, '5006'),
(149, '2022-10-28', 10, '6006'),
(150, '2022-10-29', 4, '4500'),
(151, '2022-10-29', 5, '4500'),
(152, '2022-10-29', 6, '5000'),
(153, '2022-10-29', 7, '5006'),
(154, '2022-10-29', 10, '6006'),
(155, '2022-10-30', 4, '4500'),
(156, '2022-10-30', 5, '4500'),
(157, '2022-10-30', 6, '5000'),
(158, '2022-10-30', 7, '5006'),
(159, '2022-10-30', 10, '6006'),
(160, '2022-10-31', 4, '4500'),
(161, '2022-10-31', 5, '4500'),
(162, '2022-10-31', 6, '5000'),
(163, '2022-10-31', 7, '5006'),
(164, '2022-10-31', 10, '6006'),
(320, '2022-10-01', 14, '5000'),
(321, '2022-10-02', 14, '4500'),
(322, '2022-10-03', 14, '5500'),
(323, '2022-10-04', 14, '4500'),
(324, '2022-10-05', 14, '5500'),
(325, '2022-10-06', 14, '4500'),
(326, '2022-10-07', 14, '5500'),
(327, '2022-10-08', 14, '4500'),
(328, '2022-10-09', 14, '5500'),
(329, '2022-10-10', 14, '4500'),
(330, '2022-10-11', 14, '5500'),
(331, '2022-10-12', 14, '4500'),
(332, '2022-10-13', 14, '5500'),
(333, '2022-10-14', 14, '4500'),
(334, '2022-10-15', 14, '5500'),
(335, '2022-10-16', 14, '4500'),
(336, '2022-10-17', 14, '5500'),
(337, '2022-10-18', 14, '4500'),
(338, '2022-10-19', 14, '5500'),
(339, '2022-10-20', 14, '4500'),
(340, '2022-10-21', 14, '5500'),
(341, '2022-10-22', 14, '4500'),
(342, '2022-10-23', 14, '5500'),
(343, '2022-10-24', 14, '4500'),
(344, '2022-10-25', 14, '5500'),
(345, '2022-10-26', 14, '4500'),
(346, '2022-10-27', 14, '5500'),
(347, '2022-10-28', 14, '4500'),
(348, '2022-10-29', 14, '5500'),
(349, '2022-10-30', 14, '4500'),
(350, '2022-10-31', 14, '5500'),
(351, '2022-10-01', 27, '2000'),
(352, '2022-10-02', 27, '4500'),
(353, '2022-10-03', 27, '2500'),
(354, '2022-10-04', 27, '3500'),
(355, '2022-10-05', 27, '1500'),
(356, '2022-10-06', 27, '4500'),
(357, '2022-10-07', 27, '3500'),
(358, '2022-10-08', 27, '2500'),
(359, '2022-10-09', 27, '2500'),
(360, '2022-10-10', 27, '1500'),
(361, '2022-10-11', 27, '1500'),
(362, '2022-10-12', 27, '3500'),
(363, '2022-10-13', 27, '5500'),
(364, '2022-10-14', 27, '2500'),
(365, '2022-10-15', 27, '5500'),
(366, '2022-10-16', 27, '4500'),
(367, '2022-10-17', 27, '5500'),
(368, '2022-10-18', 27, '2500'),
(369, '2022-10-19', 27, '2500'),
(370, '2022-10-20', 27, '2500'),
(371, '2022-10-21', 27, '2500'),
(372, '2022-10-22', 27, '4500'),
(373, '2022-10-23', 27, '5500'),
(374, '2022-10-24', 27, '4500'),
(375, '2022-10-25', 27, '3500'),
(376, '2022-10-26', 27, '1500'),
(377, '2022-10-27', 27, '1500'),
(378, '2022-10-28', 27, '1500'),
(379, '2022-10-29', 27, '1500'),
(380, '2022-10-30', 27, '1500'),
(381, '2022-10-31', 27, '1500'),
(382, '2022-10-01', 28, '2000'),
(383, '2022-10-02', 28, '4500'),
(384, '2022-10-03', 28, '2500'),
(385, '2022-10-04', 28, '3500'),
(386, '2022-10-05', 28, '2500'),
(387, '2022-10-06', 28, '4500'),
(388, '2022-10-07', 28, '3500'),
(389, '2022-10-08', 28, '2300'),
(390, '2022-10-09', 28, '2500'),
(391, '2022-10-10', 28, '1400'),
(392, '2022-10-11', 28, '1500'),
(393, '2022-10-12', 28, '3500'),
(394, '2022-10-13', 28, '5100'),
(395, '2022-10-14', 28, '2500'),
(396, '2022-10-15', 28, '5500'),
(397, '2022-10-16', 28, '4500'),
(398, '2022-10-17', 28, '5300'),
(399, '2022-10-18', 28, '2500'),
(400, '2022-10-19', 28, '2500'),
(401, '2022-10-20', 28, '2600'),
(402, '2022-10-21', 28, '2500'),
(403, '2022-10-22', 28, '4500'),
(404, '2022-10-23', 28, '5500'),
(405, '2022-10-24', 28, '4200'),
(406, '2022-10-25', 28, '3500'),
(407, '2022-10-26', 28, '1500'),
(408, '2022-10-27', 28, '1200'),
(409, '2022-10-28', 28, '1500'),
(410, '2022-10-29', 28, '1500'),
(411, '2022-10-30', 28, '1500'),
(412, '2022-10-31', 28, '1650'),
(413, '2022-10-01', 33, '3000'),
(414, '2022-10-02', 33, '4500'),
(415, '2022-10-03', 33, '3500'),
(416, '2022-10-04', 33, '3500'),
(417, '2022-10-05', 33, '24500'),
(418, '2022-10-06', 33, '4500'),
(419, '2022-10-07', 33, '2500'),
(420, '2022-10-08', 33, '2300'),
(421, '2022-10-09', 33, '2500'),
(422, '2022-10-10', 33, '2400'),
(423, '2022-10-11', 33, '2500'),
(424, '2022-10-12', 33, '3500'),
(425, '2022-10-13', 33, '5100'),
(426, '2022-10-14', 33, '3500'),
(427, '2022-10-15', 33, '5500'),
(428, '2022-10-16', 33, '2500'),
(429, '2022-10-17', 33, '5300'),
(430, '2022-10-18', 33, '2500'),
(431, '2022-10-19', 33, '2500'),
(432, '2022-10-20', 33, '2600'),
(433, '2022-10-21', 33, '2500'),
(434, '2022-10-22', 33, '4500'),
(435, '2022-10-23', 33, '5500'),
(436, '2022-10-24', 33, '4200'),
(437, '2022-10-25', 33, '3500'),
(438, '2022-10-26', 33, '3500'),
(439, '2022-10-27', 33, '2200'),
(440, '2022-10-28', 33, '4500'),
(441, '2022-10-29', 33, '3500'),
(442, '2022-10-30', 33, '2500'),
(443, '2022-10-31', 33, '2650'),
(444, '2022-10-01', 15, '1000'),
(445, '2022-10-02', 15, '500'),
(446, '2022-10-03', 15, '750'),
(447, '2022-10-04', 15, '1000'),
(448, '2022-10-05', 15, '500'),
(449, '2022-10-06', 15, '750'),
(450, '2022-10-07', 15, '1000'),
(451, '2022-10-08', 15, '500'),
(452, '2022-10-09', 15, '750'),
(453, '2022-10-10', 15, '1000'),
(454, '2022-10-11', 15, '500'),
(455, '2022-10-12', 15, '750'),
(456, '2022-10-13', 15, '1000'),
(457, '2022-10-14', 15, '500'),
(458, '2022-10-15', 15, '750'),
(459, '2022-10-16', 15, '1000'),
(460, '2022-10-17', 15, '500'),
(461, '2022-10-18', 15, '750'),
(462, '2022-10-19', 15, '1000'),
(463, '2022-10-20', 15, '500'),
(464, '2022-10-21', 15, '750'),
(465, '2022-10-22', 15, '1000'),
(466, '2022-10-23', 15, '500'),
(467, '2022-10-24', 15, '750'),
(468, '2022-10-25', 15, '1000'),
(469, '2022-10-26', 15, '500'),
(470, '2022-10-27', 15, '750'),
(471, '2022-10-28', 15, '1000'),
(472, '2022-10-29', 15, '500'),
(473, '2022-10-30', 15, '750'),
(474, '2022-10-31', 15, '1000'),
(475, '2022-10-01', 16, '1000'),
(476, '2022-10-02', 16, '600'),
(477, '2022-10-03', 16, '750'),
(478, '2022-10-04', 16, '1000'),
(479, '2022-10-05', 16, '600'),
(480, '2022-10-06', 16, '750'),
(481, '2022-10-07', 16, '1000'),
(482, '2022-10-08', 16, '600'),
(483, '2022-10-09', 16, '750'),
(484, '2022-10-10', 16, '900'),
(485, '2022-10-11', 16, '500'),
(486, '2022-10-12', 16, '750'),
(487, '2022-10-13', 16, '1000'),
(488, '2022-10-14', 16, '500'),
(489, '2022-10-15', 16, '650'),
(490, '2022-10-16', 16, '1000'),
(491, '2022-10-17', 16, '900'),
(492, '2022-10-18', 16, '850'),
(493, '2022-10-19', 16, '850'),
(494, '2022-10-20', 16, '500'),
(495, '2022-10-21', 16, '750'),
(496, '2022-10-22', 16, '900'),
(497, '2022-10-23', 16, '500'),
(498, '2022-10-24', 16, '650'),
(499, '2022-10-25', 16, '1000'),
(500, '2022-10-26', 16, '500'),
(501, '2022-10-27', 16, '550'),
(502, '2022-10-28', 16, '1000'),
(503, '2022-10-29', 16, '500'),
(504, '2022-10-30', 16, '750'),
(505, '2022-10-31', 16, '840'),
(506, '2022-10-01', 17, '1000'),
(507, '2022-10-02', 17, '2200'),
(508, '2022-10-03', 17, '1650'),
(509, '2022-10-04', 17, '1500'),
(510, '2022-10-05', 17, '1600'),
(511, '2022-10-06', 17, '1750'),
(512, '2022-10-07', 17, '1000'),
(513, '2022-10-08', 17, '1600'),
(514, '2022-10-09', 17, '1750'),
(515, '2022-10-10', 17, '1900'),
(516, '2022-10-11', 17, '1500'),
(517, '2022-10-12', 17, '1750'),
(518, '2022-10-13', 17, '1000'),
(519, '2022-10-14', 17, '1500'),
(520, '2022-10-15', 17, '1650'),
(521, '2022-10-16', 17, '1700'),
(522, '2022-10-17', 17, '2900'),
(523, '2022-10-18', 17, '2850'),
(524, '2022-10-19', 17, '2850'),
(525, '2022-10-20', 17, '2500'),
(526, '2022-10-21', 17, '2750'),
(527, '2022-10-22', 17, '2900'),
(528, '2022-10-23', 17, '2500'),
(529, '2022-10-24', 17, '2650'),
(530, '2022-10-25', 17, '1000'),
(531, '2022-10-26', 17, '2500'),
(532, '2022-10-27', 17, '2550'),
(533, '2022-10-28', 17, '1000'),
(534, '2022-10-29', 17, '2500'),
(535, '2022-10-30', 17, '2750'),
(536, '2022-10-31', 17, '2840'),
(537, '2022-10-01', 18, '1000'),
(538, '2022-10-02', 18, '2200'),
(539, '2022-10-03', 18, '1650'),
(540, '2022-10-04', 18, '1500'),
(541, '2022-10-05', 18, '1600'),
(542, '2022-10-06', 18, '1750'),
(543, '2022-10-07', 18, '1000'),
(544, '2022-10-08', 18, '1600'),
(545, '2022-10-09', 18, '1750'),
(546, '2022-10-10', 18, '1900'),
(547, '2022-10-11', 18, '1500'),
(548, '2022-10-12', 18, '1750'),
(549, '2022-10-13', 18, '1000'),
(550, '2022-10-14', 18, '1500'),
(551, '2022-10-15', 18, '1650'),
(552, '2022-10-16', 18, '1700'),
(553, '2022-10-17', 18, '2900'),
(554, '2022-10-18', 18, '2850'),
(555, '2022-10-19', 18, '2850'),
(556, '2022-10-20', 18, '2500'),
(557, '2022-10-21', 18, '2750'),
(558, '2022-10-22', 18, '2900'),
(559, '2022-10-23', 18, '2500'),
(560, '2022-10-24', 18, '2650'),
(561, '2022-10-25', 18, '1000'),
(562, '2022-10-26', 18, '2500'),
(563, '2022-10-27', 18, '2550'),
(564, '2022-10-28', 18, '1000'),
(565, '2022-10-29', 18, '2500'),
(566, '2022-10-30', 18, '2750'),
(567, '2022-10-31', 18, '2840'),
(568, '2022-10-01', 11, '4000'),
(569, '2022-10-02', 11, '4200'),
(570, '2022-10-03', 11, '4650'),
(571, '2022-10-04', 11, '3500'),
(572, '2022-10-05', 11, '3600'),
(573, '2022-10-06', 11, '4750'),
(574, '2022-10-07', 11, '4000'),
(575, '2022-10-08', 11, '4600'),
(576, '2022-10-09', 11, '2750'),
(577, '2022-10-10', 11, '2900'),
(578, '2022-10-11', 11, '2500'),
(579, '2022-10-12', 11, '2750'),
(580, '2022-10-13', 11, '3000'),
(581, '2022-10-14', 11, '3500'),
(582, '2022-10-15', 11, '4650'),
(583, '2022-10-16', 11, '4700'),
(584, '2022-10-17', 11, '2900'),
(585, '2022-10-18', 11, '2850'),
(586, '2022-10-19', 11, '2850'),
(587, '2022-10-20', 11, '2500'),
(588, '2022-10-21', 11, '3750'),
(589, '2022-10-22', 11, '3900'),
(590, '2022-10-23', 11, '2500'),
(591, '2022-10-24', 11, '2650'),
(592, '2022-10-25', 11, '3000'),
(593, '2022-10-26', 11, '3500'),
(594, '2022-10-27', 11, '3550'),
(595, '2022-10-28', 11, '1000'),
(596, '2022-10-29', 11, '2500'),
(597, '2022-10-30', 11, '2750'),
(598, '2022-10-31', 11, '2840'),
(599, '2022-10-01', 19, '4000'),
(600, '2022-10-02', 19, '4200'),
(601, '2022-10-03', 19, '4650'),
(602, '2022-10-04', 19, '3500'),
(603, '2022-10-05', 19, '3600'),
(604, '2022-10-06', 19, '4750'),
(605, '2022-10-07', 19, '4000'),
(606, '2022-10-08', 19, '4600'),
(607, '2022-10-09', 19, '3750'),
(608, '2022-10-10', 19, '3900'),
(609, '2022-10-11', 19, '3500'),
(610, '2022-10-12', 19, '3750'),
(611, '2022-10-13', 19, '3000'),
(612, '2022-10-14', 19, '3500'),
(613, '2022-10-15', 19, '4650'),
(614, '2022-10-16', 19, '4700'),
(615, '2022-10-17', 19, '3900'),
(616, '2022-10-18', 19, '3850'),
(617, '2022-10-19', 19, '3850'),
(618, '2022-10-20', 19, '3500'),
(619, '2022-10-21', 19, '3750'),
(620, '2022-10-22', 19, '3900'),
(621, '2022-10-23', 19, '3500'),
(622, '2022-10-24', 19, '3650'),
(623, '2022-10-25', 19, '3000'),
(624, '2022-10-26', 19, '3500'),
(625, '2022-10-27', 19, '3550'),
(626, '2022-10-28', 19, '3000'),
(627, '2022-10-29', 19, '3500'),
(628, '2022-10-30', 19, '3750'),
(629, '2022-10-31', 19, '3840'),
(630, '2022-10-01', 20, '4000'),
(631, '2022-10-02', 20, '4200'),
(632, '2022-10-03', 20, '4650'),
(633, '2022-10-04', 20, '3500'),
(634, '2022-10-05', 20, '3600'),
(635, '2022-10-06', 20, '4750'),
(636, '2022-10-07', 20, '4000'),
(637, '2022-10-08', 20, '4600'),
(638, '2022-10-09', 20, '3750'),
(639, '2022-10-10', 20, '3900'),
(640, '2022-10-11', 20, '3500'),
(641, '2022-10-12', 20, '3750'),
(642, '2022-10-13', 20, '3000'),
(643, '2022-10-14', 20, '3500'),
(644, '2022-10-15', 20, '4650'),
(645, '2022-10-16', 20, '4700'),
(646, '2022-10-17', 20, '3900'),
(647, '2022-10-18', 20, '3850'),
(648, '2022-10-19', 20, '3850'),
(649, '2022-10-20', 20, '3500'),
(650, '2022-10-21', 20, '3750'),
(651, '2022-10-22', 20, '3900'),
(652, '2022-10-23', 20, '3500'),
(653, '2022-10-24', 20, '3650'),
(654, '2022-10-25', 20, '3000'),
(655, '2022-10-26', 20, '3500'),
(656, '2022-10-27', 20, '3550'),
(657, '2022-10-28', 20, '3000'),
(658, '2022-10-29', 20, '3500'),
(659, '2022-10-30', 20, '3750'),
(660, '2022-10-31', 20, '3840'),
(661, '2022-10-01', 29, '1000'),
(662, '2022-10-02', 29, '1200'),
(663, '2022-10-03', 29, '1650'),
(664, '2022-10-04', 29, '1500'),
(665, '2022-10-05', 29, '1600'),
(666, '2022-10-06', 29, '1750'),
(667, '2022-10-07', 29, '1000'),
(668, '2022-10-08', 29, '1600'),
(669, '2022-10-09', 29, '1750'),
(670, '2022-10-10', 29, '1900'),
(671, '2022-10-11', 29, '1500'),
(672, '2022-10-12', 29, '1750'),
(673, '2022-10-13', 29, '1000'),
(674, '2022-10-14', 29, '1500'),
(675, '2022-10-15', 29, '1650'),
(676, '2022-10-16', 29, '1700'),
(677, '2022-10-17', 29, '1900'),
(678, '2022-10-18', 29, '1850'),
(679, '2022-10-19', 29, '1850'),
(680, '2022-10-20', 29, '1500'),
(681, '2022-10-21', 29, '1750'),
(682, '2022-10-22', 29, '1900'),
(683, '2022-10-23', 29, '1500'),
(684, '2022-10-24', 29, '1650'),
(685, '2022-10-25', 29, '1000'),
(686, '2022-10-26', 29, '1500'),
(687, '2022-10-27', 29, '1550'),
(688, '2022-10-28', 29, '1000'),
(689, '2022-10-29', 29, '1500'),
(690, '2022-10-30', 29, '1750'),
(691, '2022-10-31', 29, '1840'),
(692, '2022-10-01', 22, '3000'),
(693, '2022-10-02', 22, '4200'),
(694, '2022-10-03', 22, '2650'),
(695, '2022-10-04', 22, '3500'),
(696, '2022-10-05', 22, '4600'),
(697, '2022-10-06', 22, '3750'),
(698, '2022-10-07', 22, '4000'),
(699, '2022-10-08', 22, '3600'),
(700, '2022-10-09', 22, '4750'),
(701, '2022-10-10', 22, '3900'),
(702, '2022-10-11', 22, '4500'),
(703, '2022-10-12', 22, '2750'),
(704, '2022-10-13', 22, '3000'),
(705, '2022-10-14', 22, '4500'),
(706, '2022-10-15', 22, '3650'),
(707, '2022-10-16', 22, '4700'),
(708, '2022-10-17', 22, '3900'),
(709, '2022-10-18', 22, '4850'),
(710, '2022-10-19', 22, '3850'),
(711, '2022-10-20', 22, '4500'),
(712, '2022-10-21', 22, '3750'),
(713, '2022-10-22', 22, '4900'),
(714, '2022-10-23', 22, '3500'),
(715, '2022-10-24', 22, '4650'),
(716, '2022-10-25', 22, '3000'),
(717, '2022-10-26', 22, '4500'),
(718, '2022-10-27', 22, '3550'),
(719, '2022-10-28', 22, '4000'),
(720, '2022-10-29', 22, '3500'),
(721, '2022-10-30', 22, '4750'),
(722, '2022-10-31', 22, '3840'),
(723, '2022-10-01', 23, '3500'),
(724, '2022-10-02', 23, '4400'),
(725, '2022-10-03', 23, '2550'),
(726, '2022-10-04', 23, '3400'),
(727, '2022-10-05', 23, '4500'),
(728, '2022-10-06', 23, '3450'),
(729, '2022-10-07', 23, '4500'),
(730, '2022-10-08', 23, '3400'),
(731, '2022-10-09', 23, '4550'),
(732, '2022-10-10', 23, '3400'),
(733, '2022-10-11', 23, '4500'),
(734, '2022-10-12', 23, '2450'),
(735, '2022-10-13', 23, '3400'),
(736, '2022-10-14', 23, '4500'),
(737, '2022-10-15', 23, '3550'),
(738, '2022-10-16', 23, '4400'),
(739, '2022-10-17', 23, '3500'),
(740, '2022-10-18', 23, '4450'),
(741, '2022-10-19', 23, '3550'),
(742, '2022-10-20', 23, '4400'),
(743, '2022-10-21', 23, '3550'),
(744, '2022-10-22', 23, '4400'),
(745, '2022-10-23', 23, '3500'),
(746, '2022-10-24', 23, '4450'),
(747, '2022-10-25', 23, '3500'),
(748, '2022-10-26', 23, '4400'),
(749, '2022-10-27', 23, '3550'),
(750, '2022-10-28', 23, '4400'),
(751, '2022-10-29', 23, '3500'),
(752, '2022-10-30', 23, '4450'),
(753, '2022-10-31', 23, '3540'),
(754, '2022-10-01', 30, '500'),
(755, '2022-10-02', 30, '400'),
(756, '2022-10-03', 30, '550'),
(757, '2022-10-04', 30, '400'),
(758, '2022-10-05', 30, '500'),
(759, '2022-10-06', 30, '450'),
(760, '2022-10-07', 30, '500'),
(761, '2022-10-08', 30, '400'),
(762, '2022-10-09', 30, '550'),
(763, '2022-10-10', 30, '400'),
(764, '2022-10-11', 30, '500'),
(765, '2022-10-12', 30, '450'),
(766, '2022-10-13', 30, '400'),
(767, '2022-10-14', 30, '500'),
(768, '2022-10-15', 30, '550'),
(769, '2022-10-16', 30, '400'),
(770, '2022-10-17', 30, '500'),
(771, '2022-10-18', 30, '450'),
(772, '2022-10-19', 30, '550'),
(773, '2022-10-20', 30, '400'),
(774, '2022-10-21', 30, '550'),
(775, '2022-10-22', 30, '400'),
(776, '2022-10-23', 30, '500'),
(777, '2022-10-24', 30, '450'),
(778, '2022-10-25', 30, '500'),
(779, '2022-10-26', 30, '400'),
(780, '2022-10-27', 30, '550'),
(781, '2022-10-28', 30, '400'),
(782, '2022-10-29', 30, '500'),
(783, '2022-10-30', 30, '450'),
(784, '2022-10-31', 30, '540'),
(785, '2022-10-01', 31, '600'),
(786, '2022-10-02', 31, '400'),
(787, '2022-10-03', 31, '550'),
(788, '2022-10-04', 31, '400'),
(789, '2022-10-05', 31, '500'),
(790, '2022-10-06', 31, '450'),
(791, '2022-10-07', 31, '500'),
(792, '2022-10-08', 31, '500'),
(793, '2022-10-09', 31, '550'),
(794, '2022-10-10', 31, '500'),
(795, '2022-10-11', 31, '500'),
(796, '2022-10-12', 31, '550'),
(797, '2022-10-13', 31, '400'),
(798, '2022-10-14', 31, '500'),
(799, '2022-10-15', 31, '450'),
(800, '2022-10-16', 31, '600'),
(801, '2022-10-17', 31, '600'),
(802, '2022-10-18', 31, '650'),
(803, '2022-10-19', 31, '750'),
(804, '2022-10-20', 31, '700'),
(805, '2022-10-21', 31, '750'),
(806, '2022-10-22', 31, '700'),
(807, '2022-10-23', 31, '900'),
(808, '2022-10-24', 31, '850'),
(809, '2022-10-25', 31, '700'),
(810, '2022-10-26', 31, '800'),
(811, '2022-10-27', 31, '950'),
(812, '2022-10-28', 31, '700'),
(813, '2022-10-29', 31, '800'),
(814, '2022-10-30', 31, '750'),
(815, '2022-10-31', 31, '940'),
(816, '2022-10-01', 13, '3600'),
(817, '2022-10-02', 13, '3400'),
(818, '2022-10-03', 13, '4550'),
(819, '2022-10-04', 13, '4400'),
(820, '2022-10-05', 13, '5500'),
(821, '2022-10-06', 13, '3450'),
(822, '2022-10-07', 13, '3200'),
(823, '2022-10-08', 13, '3400'),
(824, '2022-10-09', 13, '3350'),
(825, '2022-10-10', 13, '3500'),
(826, '2022-10-11', 13, '3500'),
(827, '2022-10-12', 13, '4550'),
(828, '2022-10-13', 13, '4400'),
(829, '2022-10-14', 13, '5500'),
(830, '2022-10-15', 13, '5550'),
(831, '2022-10-16', 13, '5600'),
(832, '2022-10-17', 13, '5600'),
(833, '2022-10-18', 13, '4650'),
(834, '2022-10-19', 13, '3750'),
(835, '2022-10-20', 13, '4700'),
(836, '2022-10-21', 13, '5750'),
(837, '2022-10-22', 13, '4700'),
(838, '2022-10-23', 13, '4900'),
(839, '2022-10-24', 13, '4850'),
(840, '2022-10-25', 13, '5700'),
(841, '2022-10-26', 13, '4800'),
(842, '2022-10-27', 13, '5950'),
(843, '2022-10-28', 13, '3700'),
(844, '2022-10-29', 13, '3800'),
(845, '2022-10-30', 13, '4750'),
(846, '2022-10-31', 13, '3940'),
(847, '2022-10-01', 24, '3600'),
(848, '2022-10-02', 24, '3400'),
(849, '2022-10-03', 24, '4550'),
(850, '2022-10-04', 24, '4400'),
(851, '2022-10-05', 24, '5500'),
(852, '2022-10-06', 24, '3450'),
(853, '2022-10-07', 24, '3200'),
(854, '2022-10-08', 24, '3400'),
(855, '2022-10-09', 24, '3350'),
(856, '2022-10-10', 24, '3500'),
(857, '2022-10-11', 24, '3500'),
(858, '2022-10-12', 24, '4550'),
(859, '2022-10-13', 24, '4400'),
(860, '2022-10-14', 24, '5500'),
(861, '2022-10-15', 24, '5550'),
(862, '2022-10-16', 24, '5600'),
(863, '2022-10-17', 24, '5600'),
(864, '2022-10-18', 24, '4650'),
(865, '2022-10-19', 24, '3750'),
(866, '2022-10-20', 24, '4700'),
(867, '2022-10-21', 24, '5750'),
(868, '2022-10-22', 24, '4700'),
(869, '2022-10-23', 24, '4900'),
(870, '2022-10-24', 24, '4850'),
(871, '2022-10-25', 24, '5700'),
(872, '2022-10-26', 24, '4800'),
(873, '2022-10-27', 24, '5950'),
(874, '2022-10-28', 24, '3700'),
(875, '2022-10-29', 24, '3800'),
(876, '2022-10-30', 24, '4750'),
(877, '2022-10-31', 24, '3940'),
(878, '2022-10-01', 25, '3600'),
(879, '2022-10-02', 25, '3400'),
(880, '2022-10-03', 25, '4550'),
(881, '2022-10-04', 25, '4400'),
(882, '2022-10-05', 25, '5500'),
(883, '2022-10-06', 25, '3450'),
(884, '2022-10-07', 25, '3200'),
(885, '2022-10-08', 25, '3400'),
(886, '2022-10-09', 25, '3350'),
(887, '2022-10-10', 25, '3500'),
(888, '2022-10-11', 25, '3500'),
(889, '2022-10-12', 25, '4550'),
(890, '2022-10-13', 25, '4400'),
(891, '2022-10-14', 25, '5500'),
(892, '2022-10-15', 25, '5550'),
(893, '2022-10-16', 25, '5600'),
(894, '2022-10-17', 25, '5600'),
(895, '2022-10-18', 25, '4650'),
(896, '2022-10-19', 25, '3750'),
(897, '2022-10-20', 25, '4700'),
(898, '2022-10-21', 25, '5750'),
(899, '2022-10-22', 25, '4700'),
(900, '2022-10-23', 25, '4900'),
(901, '2022-10-24', 25, '4850'),
(902, '2022-10-25', 25, '5700'),
(903, '2022-10-26', 25, '4800'),
(904, '2022-10-27', 25, '5950'),
(905, '2022-10-28', 25, '3700'),
(906, '2022-10-29', 25, '3800'),
(907, '2022-10-30', 25, '4750'),
(908, '2022-10-31', 25, '3940'),
(909, '2022-10-01', 26, '1600'),
(910, '2022-10-02', 26, '1400'),
(911, '2022-10-03', 26, '1550'),
(912, '2022-10-04', 26, '1400'),
(913, '2022-10-05', 26, '1500'),
(914, '2022-10-06', 26, '1450'),
(915, '2022-10-07', 26, '1200'),
(916, '2022-10-08', 26, '1400'),
(917, '2022-10-09', 26, '1350'),
(918, '2022-10-10', 26, '1500'),
(919, '2022-10-11', 26, '1500'),
(920, '2022-10-12', 26, '1550'),
(921, '2022-10-13', 26, '1400'),
(922, '2022-10-14', 26, '1500'),
(923, '2022-10-15', 26, '1550'),
(924, '2022-10-16', 26, '1600'),
(925, '2022-10-17', 26, '1600'),
(926, '2022-10-18', 26, '1650'),
(927, '2022-10-19', 26, '1750'),
(928, '2022-10-20', 26, '1700'),
(929, '2022-10-21', 26, '1750'),
(930, '2022-10-22', 26, '1700'),
(931, '2022-10-23', 26, '1900'),
(932, '2022-10-24', 26, '2850'),
(933, '2022-10-25', 26, '2700'),
(934, '2022-10-26', 26, '2800'),
(935, '2022-10-27', 26, '2950'),
(936, '2022-10-28', 26, '2700'),
(937, '2022-10-29', 26, '2800'),
(938, '2022-10-30', 26, '2750'),
(939, '2022-10-31', 26, '2940'),
(940, '2022-10-01', 32, '600'),
(941, '2022-10-02', 32, '400'),
(942, '2022-10-03', 32, '550'),
(943, '2022-10-04', 32, '400'),
(944, '2022-10-05', 32, '500'),
(945, '2022-10-06', 32, '450'),
(946, '2022-10-07', 32, '200'),
(947, '2022-10-08', 32, '400'),
(948, '2022-10-09', 32, '350'),
(949, '2022-10-10', 32, '500'),
(950, '2022-10-11', 32, '500'),
(951, '2022-10-12', 32, '550'),
(952, '2022-10-13', 32, '400'),
(953, '2022-10-14', 32, '500'),
(954, '2022-10-15', 32, '550'),
(955, '2022-10-16', 32, '600'),
(956, '2022-10-17', 32, '600'),
(957, '2022-10-18', 32, '650'),
(958, '2022-10-19', 32, '750'),
(959, '2022-10-20', 32, '700'),
(960, '2022-10-21', 32, '750'),
(961, '2022-10-22', 32, '700'),
(962, '2022-10-23', 32, '900'),
(963, '2022-10-24', 32, '850'),
(964, '2022-10-25', 32, '700'),
(965, '2022-10-26', 32, '800'),
(966, '2022-10-27', 32, '950'),
(967, '2022-10-28', 32, '700'),
(968, '2022-10-29', 32, '800'),
(969, '2022-10-30', 32, '750'),
(970, '2022-10-31', 32, '940');

-- --------------------------------------------------------

--
-- Table structure for table `tbl_district`
--

CREATE TABLE `tbl_district` (
  `district_id` int(11) NOT NULL,
  `district_name` varchar(30) NOT NULL
) ENGINE=InnoDB DEFAULT CHARSET=utf8mb4;

--
-- Dumping data for table `tbl_district`
--

INSERT INTO `tbl_district` (`district_id`, `district_name`) VALUES
(20, 'ERNAKULAM'),
(22, 'Alappuzha'),
(25, 'Idukki'),
(27, 'Trivandrum'),
(28, 'Kollam'),
(29, 'Kottayam'),
(30, 'Thrissur');

-- --------------------------------------------------------

--
-- Table structure for table `tbl_expense`
--

CREATE TABLE `tbl_expense` (
  `exp_id` int(11) NOT NULL,
  `exp_date` date NOT NULL,
  `exp_amt` varchar(20) NOT NULL,
  `exptype_id` int(11) NOT NULL,
  `bus_id` int(11) NOT NULL
) ENGINE=InnoDB DEFAULT CHARSET=utf8mb4;

--
-- Dumping data for table `tbl_expense`
--

INSERT INTO `tbl_expense` (`exp_id`, `exp_date`, `exp_amt`, `exptype_id`, `bus_id`) VALUES
(5, '2022-10-01', '3000', 2, 4),
(6, '2022-10-01', '4000', 2, 5),
(7, '2022-10-01', '3500', 2, 6),
(8, '2022-10-01', '3000', 2, 7),
(9, '2022-10-01', '3100', 2, 10),
(10, '2022-10-02', '3000', 2, 4),
(11, '2022-10-02', '4000', 2, 5),
(12, '2022-10-02', '3500', 2, 6),
(13, '2022-10-02', '3000', 2, 7),
(14, '2022-10-02', '3100', 2, 10),
(15, '2022-10-03', '3000', 2, 4),
(16, '2022-10-03', '4000', 2, 5),
(17, '2022-10-03', '3500', 2, 6),
(18, '2022-10-03', '3000', 2, 7),
(19, '2022-10-03', '3100', 2, 10),
(20, '2022-10-04', '3000', 2, 4),
(21, '2022-10-04', '4000', 2, 5),
(22, '2022-10-04', '3500', 2, 6),
(23, '2022-10-04', '3000', 2, 7),
(24, '2022-10-04', '3100', 2, 10),
(25, '2022-10-05', '3000', 2, 4),
(26, '2022-10-05', '4000', 2, 5),
(27, '2022-10-05', '3500', 2, 6),
(28, '2022-10-05', '3000', 2, 7),
(29, '2022-10-05', '3100', 2, 10),
(30, '2022-10-06', '3000', 2, 4),
(31, '2022-10-06', '4000', 2, 5),
(32, '2022-10-06', '3500', 2, 6),
(33, '2022-10-06', '3000', 2, 7),
(34, '2022-10-06', '3100', 2, 10),
(35, '2022-10-07', '3000', 2, 4),
(36, '2022-10-07', '4000', 2, 5),
(37, '2022-10-07', '3500', 2, 6),
(38, '2022-10-07', '3000', 2, 7),
(39, '2022-10-07', '3100', 2, 10),
(40, '2022-10-08', '3000', 2, 4),
(41, '2022-10-08', '4000', 2, 5),
(42, '2022-10-08', '3500', 2, 6),
(43, '2022-10-08', '3000', 2, 7),
(44, '2022-10-08', '3100', 2, 10),
(45, '2022-10-09', '3000', 2, 4),
(46, '2022-10-09', '4000', 2, 5),
(47, '2022-10-09', '3500', 2, 6),
(48, '2022-10-09', '3000', 2, 7),
(49, '2022-10-09', '3100', 2, 10),
(50, '2022-10-10', '3000', 2, 4),
(51, '2022-10-10', '4000', 2, 5),
(52, '2022-10-10', '3500', 2, 6),
(53, '2022-10-10', '3000', 2, 7),
(54, '2022-10-10', '3100', 2, 10),
(55, '2022-10-11', '3000', 2, 4),
(56, '2022-10-11', '4000', 2, 5),
(57, '2022-10-11', '3500', 2, 6),
(58, '2022-10-11', '3000', 2, 7),
(59, '2022-10-11', '3100', 2, 10),
(60, '2022-10-12', '3000', 2, 4),
(61, '2022-10-12', '4000', 2, 5),
(62, '2022-10-12', '3500', 2, 6),
(63, '2022-10-12', '3000', 2, 7),
(64, '2022-10-12', '3100', 2, 10),
(65, '2022-10-13', '3000', 2, 4),
(66, '2022-10-13', '4000', 2, 5),
(67, '2022-10-13', '3500', 2, 6),
(68, '2022-10-13', '3000', 2, 7),
(69, '2022-10-13', '3100', 2, 10),
(70, '2022-10-14', '3000', 2, 4),
(71, '2022-10-14', '4000', 2, 5),
(72, '2022-10-14', '3500', 2, 6),
(73, '2022-10-14', '3000', 2, 7),
(74, '2022-10-14', '3100', 2, 10),
(75, '2022-10-15', '3000', 2, 4),
(76, '2022-10-15', '4000', 2, 5),
(77, '2022-10-15', '3500', 2, 6),
(78, '2022-10-15', '3000', 2, 7),
(79, '2022-10-15', '3100', 2, 10),
(80, '2022-10-16', '3000', 2, 4),
(81, '2022-10-16', '4000', 2, 5),
(82, '2022-10-16', '3500', 2, 6),
(83, '2022-10-16', '3000', 2, 7),
(84, '2022-10-16', '3100', 2, 10),
(85, '2022-10-17', '3000', 2, 4),
(86, '2022-10-17', '4000', 2, 5),
(87, '2022-10-17', '3500', 2, 6),
(88, '2022-10-17', '3000', 2, 7),
(89, '2022-10-17', '3100', 2, 10),
(90, '2022-10-18', '3000', 2, 4),
(91, '2022-10-18', '4000', 2, 5),
(92, '2022-10-18', '3500', 2, 6),
(93, '2022-10-18', '3000', 2, 7),
(94, '2022-10-18', '3100', 2, 10),
(95, '2022-10-19', '3000', 2, 4),
(96, '2022-10-19', '4000', 2, 5),
(97, '2022-10-19', '3500', 2, 6),
(98, '2022-10-19', '3000', 2, 7),
(99, '2022-10-19', '3100', 2, 10),
(100, '2022-10-20', '3000', 2, 4),
(101, '2022-10-20', '4000', 2, 5),
(102, '2022-10-20', '3500', 2, 6),
(103, '2022-10-20', '3000', 2, 7),
(104, '2022-10-20', '3100', 2, 10),
(105, '2022-10-21', '3000', 2, 4),
(106, '2022-10-21', '4000', 2, 5),
(107, '2022-10-21', '3500', 2, 6),
(108, '2022-10-21', '3000', 2, 7),
(109, '2022-10-21', '3100', 2, 10),
(110, '2022-10-22', '3000', 2, 4),
(111, '2022-10-22', '4000', 2, 5),
(112, '2022-10-22', '3500', 2, 6),
(113, '2022-10-22', '3000', 2, 7),
(114, '2022-10-22', '3100', 2, 10),
(115, '2022-10-23', '3000', 2, 4),
(116, '2022-10-23', '4000', 2, 5),
(117, '2022-10-23', '3500', 2, 6),
(118, '2022-10-23', '3000', 2, 7),
(119, '2022-10-23', '3100', 2, 10),
(120, '2022-10-24', '3000', 2, 4),
(121, '2022-10-24', '4000', 2, 5),
(122, '2022-10-24', '3500', 2, 6),
(123, '2022-10-24', '3000', 2, 7),
(124, '2022-10-24', '3100', 2, 10),
(125, '2022-10-25', '3000', 2, 4),
(126, '2022-10-25', '4000', 2, 5),
(127, '2022-10-25', '3500', 2, 6),
(128, '2022-10-25', '3000', 2, 7),
(129, '2022-10-25', '3100', 2, 10),
(130, '2022-10-26', '3000', 2, 4),
(131, '2022-10-26', '4000', 2, 5),
(132, '2022-10-26', '3500', 2, 6),
(133, '2022-10-26', '3000', 2, 7),
(134, '2022-10-26', '3100', 2, 10),
(135, '2022-10-27', '3000', 2, 4),
(136, '2022-10-27', '4000', 2, 5),
(137, '2022-10-27', '3500', 2, 6),
(138, '2022-10-27', '3000', 2, 7),
(139, '2022-10-27', '3100', 2, 10),
(140, '2022-10-28', '3000', 2, 4),
(141, '2022-10-28', '4000', 2, 5),
(142, '2022-10-28', '3500', 2, 6),
(143, '2022-10-28', '3000', 2, 7),
(144, '2022-10-28', '3100', 2, 10),
(145, '2022-10-29', '3000', 2, 4),
(146, '2022-10-29', '4000', 2, 5),
(147, '2022-10-29', '3500', 2, 6),
(148, '2022-10-29', '3000', 2, 7),
(149, '2022-10-29', '3100', 2, 10),
(150, '2022-10-30', '3000', 2, 4),
(151, '2022-10-30', '4000', 2, 5),
(152, '2022-10-30', '3500', 2, 6),
(153, '2022-10-30', '3000', 2, 7),
(154, '2022-10-30', '3100', 2, 10),
(155, '2022-10-31', '3590', 4, 4),
(156, '2022-10-31', '4000', 2, 5),
(157, '2022-10-31', '6000', 4, 6),
(158, '2022-10-31', '5000', 4, 7),
(159, '2022-10-31', '3100', 2, 10),
(160, '2022-10-01', '5500', 2, 14),
(161, '2022-10-02', '5500', 2, 14),
(162, '2022-10-03', '5500', 2, 14),
(163, '2022-10-04', '5500', 2, 14),
(164, '2022-10-05', '5500', 2, 14),
(165, '2022-10-06', '5500', 2, 14),
(166, '2022-10-07', '5500', 2, 14),
(167, '2022-10-08', '5500', 2, 14),
(168, '2022-10-09', '5500', 2, 14),
(169, '2022-10-10', '5500', 2, 14),
(170, '2022-10-11', '5500', 2, 14),
(171, '2022-10-12', '5500', 2, 14),
(172, '2022-10-13', '5500', 2, 14),
(173, '2022-10-14', '5500', 2, 14),
(174, '2022-10-15', '5500', 2, 14),
(175, '2022-10-16', '5500', 2, 14),
(176, '2022-10-17', '5500', 2, 14),
(177, '2022-10-18', '5500', 2, 14),
(178, '2022-10-19', '5500', 2, 14),
(179, '2022-10-20', '5500', 2, 14),
(180, '2022-10-21', '5500', 2, 14),
(181, '2022-10-22', '5500', 2, 14),
(182, '2022-10-23', '5500', 2, 14),
(183, '2022-10-24', '5500', 2, 14),
(184, '2022-10-25', '5500', 2, 14),
(185, '2022-10-26', '5500', 2, 14),
(186, '2022-10-27', '5500', 2, 14),
(187, '2022-10-28', '5500', 2, 14),
(188, '2022-10-29', '5500', 2, 14),
(189, '2022-10-30', '5500', 2, 14),
(190, '2022-10-31', '7500', 4, 14),
(191, '2022-10-01', '2000', 2, 27),
(192, '2022-10-02', '2000', 2, 27),
(193, '2022-10-03', '2000', 2, 27),
(194, '2022-10-04', '2000', 2, 27),
(195, '2022-10-05', '2000', 2, 27),
(196, '2022-10-06', '2000', 2, 27),
(197, '2022-10-07', '2000', 2, 27),
(198, '2022-10-08', '2000', 2, 27),
(199, '2022-10-09', '2000', 2, 27),
(200, '2022-10-10', '2000', 2, 27),
(201, '2022-10-11', '2000', 2, 27),
(202, '2022-10-12', '2000', 2, 27),
(203, '2022-10-13', '2000', 2, 27),
(204, '2022-10-14', '2000', 2, 27),
(205, '2022-10-15', '2000', 2, 27),
(206, '2022-10-16', '2000', 2, 27),
(207, '2022-10-17', '2000', 2, 27),
(208, '2022-10-18', '2000', 2, 27),
(209, '2022-10-19', '2000', 2, 27),
(210, '2022-10-20', '2000', 2, 27),
(211, '2022-10-21', '2000', 2, 27),
(212, '2022-10-22', '2000', 2, 27),
(213, '2022-10-23', '2000', 2, 27),
(214, '2022-10-24', '2000', 2, 27),
(215, '2022-10-25', '2000', 2, 27),
(216, '2022-10-26', '2000', 2, 27),
(217, '2022-10-27', '2000', 2, 27),
(218, '2022-10-28', '2000', 2, 27),
(219, '2022-10-29', '2000', 2, 27),
(220, '2022-10-30', '2000', 2, 27),
(221, '2022-10-31', '2000', 2, 27),
(222, '2022-10-31', '3000', 4, 27),
(223, '2022-10-01', '3000', 2, 28),
(224, '2022-10-02', '3000', 2, 28),
(225, '2022-10-03', '3000', 2, 28),
(226, '2022-10-04', '3000', 2, 28),
(227, '2022-10-05', '3000', 2, 28),
(228, '2022-10-06', '3000', 2, 28),
(229, '2022-10-07', '3000', 2, 28),
(230, '2022-10-08', '3000', 2, 28),
(231, '2022-10-09', '3000', 2, 28),
(232, '2022-10-10', '3000', 2, 28),
(233, '2022-10-11', '3000', 2, 28),
(234, '2022-10-12', '3000', 2, 28),
(235, '2022-10-13', '3000', 2, 28),
(236, '2022-10-14', '3000', 2, 28),
(237, '2022-10-15', '3000', 2, 28),
(238, '2022-10-16', '3000', 2, 28),
(239, '2022-10-17', '3000', 2, 28),
(240, '2022-10-18', '3000', 2, 28),
(241, '2022-10-19', '3000', 2, 28),
(242, '2022-10-20', '3000', 2, 28),
(243, '2022-10-20', '3500', 3, 28),
(244, '2022-10-21', '3000', 2, 28),
(245, '2022-10-22', '3000', 2, 28),
(246, '2022-10-23', '3000', 2, 28),
(247, '2022-10-24', '3000', 2, 28),
(248, '2022-10-25', '3000', 2, 28),
(249, '2022-10-26', '3000', 2, 28),
(250, '2022-10-27', '3000', 2, 28),
(251, '2022-10-28', '3000', 2, 28),
(252, '2022-10-29', '3000', 2, 28),
(253, '2022-10-30', '3000', 2, 28),
(254, '2022-10-31', '3000', 2, 28),
(255, '2022-10-31', '4000', 4, 28),
(273, '2022-10-18', '3500', 2, 33),
(274, '2022-10-19', '3500', 2, 33),
(275, '2022-10-20', '3500', 2, 33),
(276, '2022-10-20', '3500', 3, 33),
(277, '2022-10-21', '3500', 2, 33),
(278, '2022-10-22', '3500', 2, 33),
(279, '2022-10-23', '3500', 2, 33),
(280, '2022-10-24', '3500', 2, 33),
(281, '2022-10-25', '3500', 2, 33),
(282, '2022-10-26', '3500', 2, 33),
(283, '2022-10-27', '3500', 2, 33),
(284, '2022-10-28', '3500', 2, 33),
(285, '2022-10-29', '3500', 2, 33),
(286, '2022-10-30', '3500', 2, 33),
(287, '2022-10-31', '3500', 2, 33),
(288, '2022-10-31', '2500', 3, 33),
(289, '2022-10-01', '3500', 2, 33),
(290, '2022-10-02', '3500', 2, 33),
(291, '2022-10-03', '3500', 2, 33),
(292, '2022-10-04', '3500', 2, 33),
(293, '2022-10-05', '3500', 2, 33),
(294, '2022-10-06', '3500', 2, 33),
(295, '2022-10-07', '3500', 2, 33),
(296, '2022-10-08', '3500', 2, 33),
(297, '2022-10-09', '3500', 2, 33),
(298, '2022-10-10', '3500', 2, 33),
(299, '2022-10-11', '3500', 2, 33),
(300, '2022-10-12', '3500', 2, 33),
(301, '2022-10-13', '3500', 2, 33),
(302, '2022-10-14', '3500', 2, 33),
(303, '2022-10-15', '3500', 2, 33),
(304, '2022-10-16', '3500', 2, 33),
(305, '2022-10-17', '3500', 2, 33),
(306, '2022-10-01', '500', 2, 15),
(307, '2022-10-02', '500', 2, 15),
(308, '2022-10-03', '500', 2, 15),
(309, '2022-10-04', '500', 2, 15),
(310, '2022-10-05', '500', 2, 15),
(311, '2022-10-06', '500', 2, 15),
(312, '2022-10-07', '500', 2, 15),
(313, '2022-10-08', '500', 2, 15),
(314, '2022-10-09', '500', 2, 15),
(315, '2022-10-10', '500', 2, 15),
(316, '2022-10-11', '500', 2, 15),
(317, '2022-10-12', '500', 2, 15),
(318, '2022-10-13', '500', 2, 15),
(319, '2022-10-14', '500', 2, 15),
(320, '2022-10-15', '500', 2, 15),
(321, '2022-10-16', '500', 2, 15),
(322, '2022-10-17', '500', 2, 15),
(323, '2022-10-18', '500', 2, 15),
(324, '2022-10-19', '500', 2, 15),
(325, '2022-10-20', '500', 2, 15),
(326, '2022-10-21', '500', 2, 15),
(327, '2022-10-22', '500', 2, 15),
(328, '2022-10-23', '500', 2, 15),
(329, '2022-10-24', '500', 2, 15),
(330, '2022-10-25', '500', 2, 15),
(331, '2022-10-26', '500', 2, 15),
(332, '2022-10-27', '500', 2, 15),
(333, '2022-10-28', '500', 2, 15),
(334, '2022-10-29', '500', 2, 15),
(335, '2022-10-30', '500', 2, 15),
(336, '2022-10-31', '500', 2, 15),
(337, '2022-10-31', '1500', 4, 15);

-- --------------------------------------------------------

--
-- Table structure for table `tbl_expensetype`
--

CREATE TABLE `tbl_expensetype` (
  `exptype_id` int(11) NOT NULL,
  `exptype_name` varchar(20) NOT NULL
) ENGINE=InnoDB DEFAULT CHARSET=utf8mb4;

--
-- Dumping data for table `tbl_expensetype`
--

INSERT INTO `tbl_expensetype` (`exptype_id`, `exptype_name`) VALUES
(2, 'Diesel'),
(3, 'Tyres'),
(4, 'Maintenance');

-- --------------------------------------------------------

--
-- Table structure for table `tbl_notification`
--

CREATE TABLE `tbl_notification` (
  `not_id` int(11) NOT NULL,
  `not_date` date NOT NULL DEFAULT current_timestamp(),
  `bus_id` int(11) NOT NULL,
  `not_msg` varchar(200) NOT NULL
) ENGINE=InnoDB DEFAULT CHARSET=utf8mb4;

--
-- Dumping data for table `tbl_notification`
--

INSERT INTO `tbl_notification` (`not_id`, `not_date`, `bus_id`, `not_msg`) VALUES
(1, '2022-10-07', 5, 'breakdown at velloor junction'),
(4, '2022-10-08', 11, 'breakdown at anchalpetty'),
(5, '2022-10-21', 4, 'Not run in noon trip');

-- --------------------------------------------------------

--
-- Table structure for table `tbl_place`
--

CREATE TABLE `tbl_place` (
  `district_id` int(11) NOT NULL,
  `place_id` int(11) NOT NULL,
  `place_name` varchar(50) NOT NULL,
  `place_pin` varchar(10) NOT NULL
) ENGINE=InnoDB DEFAULT CHARSET=utf8mb4;

--
-- Dumping data for table `tbl_place`
--

INSERT INTO `tbl_place` (`district_id`, `place_id`, `place_name`, `place_pin`) VALUES
(20, 32, 'Muvattupuzha', '686661'),
(22, 33, 'Ambalappuzha', '688561'),
(22, 34, 'Punnapra', '688003'),
(22, 36, 'Mararikkulam', '688523'),
(22, 37, 'Pathirappally', '688008'),
(25, 38, 'Idukki Dam Park', '685602'),
(25, 39, 'Painavu', '685603'),
(27, 40, 'Kesavadasapuram', '695004'),
(27, 41, 'Kunnukuzhy', '695034'),
(28, 42, 'Pallimukku', '682016'),
(28, 43, 'RP Mall', '691001'),
(29, 44, 'Peruva', '686610'),
(29, 46, 'Mulakkulam', '686664'),
(29, 47, 'Thalayolapparambu', '686146'),
(30, 48, 'Puththussery', '680553'),
(30, 49, 'Koorkencherry', '680007'),
(20, 50, 'Piravom', '686664'),
(20, 52, 'Chottanikkara', '682312'),
(20, 53, 'Kolencherry', '682310'),
(29, 54, 'Kanjiramattom', '682315'),
(20, 55, 'Thammanam', '682032'),
(29, 56, 'Nagampadam', '686001');

-- --------------------------------------------------------

--
-- Table structure for table `tbl_product`
--

CREATE TABLE `tbl_product` (
  `product_id` int(11) NOT NULL,
  `product_name` varchar(30) NOT NULL,
  `product_rate` float NOT NULL,
  `product_desc` varchar(200) NOT NULL
) ENGINE=InnoDB DEFAULT CHARSET=utf8mb4;

--
-- Dumping data for table `tbl_product`
--

INSERT INTO `tbl_product` (`product_id`, `product_name`, `product_rate`, `product_desc`) VALUES
(1, 'laptop', 50000, 'well maintained');

-- --------------------------------------------------------

--
-- Table structure for table `tbl_route`
--

CREATE TABLE `tbl_route` (
  `route_id` int(11) NOT NULL,
  `route_name` varchar(40) NOT NULL,
  `route_frmplace` int(11) NOT NULL,
  `route_toplace` int(11) NOT NULL
) ENGINE=InnoDB DEFAULT CHARSET=utf8mb4;

--
-- Dumping data for table `tbl_route`
--

INSERT INTO `tbl_route` (`route_id`, `route_name`, `route_frmplace`, `route_toplace`) VALUES
(8, 'Muvattupuzha-Kakkad-Piravom', 32, 50),
(9, 'Muvattupuzha-Kollikkal-Piravom', 32, 50),
(10, 'Muvattupuzha-Puthencruz-Ernakulam', 32, 55),
(11, 'Muvattupuzha-Thiruvaniyoor-Ernakulam', 32, 55),
(12, 'Piravom-Kaduthuruthy-Kottayam', 50, 56),
(13, 'Piravom-Kuravilangad-Kottayam', 50, 56),
(14, 'Piravom-Thiruvaniyoor-Ernakulam', 50, 55),
(15, 'Piravom-Mulanthuruthy-Ernakulam', 50, 55),
(16, 'Punnapra-Beach-Pathirappally', 37, 34),
(17, 'Mararikkulam-Kalavoor-Pathirappally', 36, 37),
(18, 'Pathirappally-Kanjiramchira-Ambalappuzha', 37, 33),
(19, 'Pathirappally-Aryad South-Ambalappuzha', 37, 33),
(20, 'Piravom-Mulakkulam-Peruva', 50, 44),
(21, 'Peruva-Moorkattipady-Thalayolapparambu', 44, 47),
(22, 'Peruva-Kunnappilly-Thalayolapparambu', 44, 47),
(23, 'Idukki Dam park-Cheruthoni-Painavu', 38, 39),
(24, 'Pallimukku-Andamukkam-RP Mall', 42, 43),
(25, 'Koorkencherry-Punkunnam-Puththussery', 49, 48),
(26, 'Kesavadasapuram-Pottakkuzhi-Kunnukuzhyk', 40, 41);

-- --------------------------------------------------------

--
-- Table structure for table `tbl_routestop`
--

CREATE TABLE `tbl_routestop` (
  `routestop_id` int(11) NOT NULL,
  `route_id` int(11) NOT NULL,
  `routestop_name` varchar(40) NOT NULL
) ENGINE=InnoDB DEFAULT CHARSET=utf8mb4;

--
-- Dumping data for table `tbl_routestop`
--

INSERT INTO `tbl_routestop` (`routestop_id`, `route_id`, `routestop_name`) VALUES
(40, 8, 'Muvattupuzha Bus Stand'),
(42, 8, 'Kayanad Bus Stop'),
(43, 8, 'Piramadom Bus Stop'),
(44, 8, 'Pampakuda Bus Stand'),
(45, 8, 'Anchalpetty Bus Stop'),
(46, 8, 'Onakkoor Bus Stop'),
(47, 8, 'Kakkad Stop'),
(48, 8, 'JMP Hospital Junction'),
(49, 8, 'Piravom Bus Stand'),
(50, 9, 'Muvattupuzha Bus Stand'),
(51, 9, 'Maradi Bus Stop'),
(52, 9, 'Maradi Bus Stop'),
(53, 9, 'Kayanad Bus Stop'),
(54, 9, 'Piramadom Bus Stop'),
(55, 9, 'Pampakuda Bus Stand'),
(56, 9, 'Anchalpetty Bus Stop'),
(57, 9, 'Onakkoor Bus Stop'),
(58, 9, 'Kollikkal Bus Stop'),
(59, 9, 'Piravom Govt Hospital Junction'),
(60, 9, 'Piravom Bus Stand'),
(77, 11, 'Muvattupuzha Bus Stand'),
(78, 11, 'Mekkadambu Bus Stop'),
(81, 11, 'Kolencherry Bus Stand'),
(82, 11, 'Poothrika Bus Stop'),
(83, 11, 'Thiruvaaniyoor Bus Stop'),
(84, 11, 'Mamala Bus Stop'),
(85, 11, 'Thiruvankulam Bus Stop'),
(86, 11, 'Irumpanam Bus Stop'),
(87, 11, 'Petta Bus Stop'),
(88, 10, 'Vyttila Bus Stand'),
(89, 11, 'Thammanam Bus Stop'),
(90, 10, 'Muvattupuzha Bus Stand'),
(91, 14, 'Piravom Bus Stand'),
(92, 14, 'Maneed Bus Stop'),
(93, 14, 'Thiruvaaniyoor Bus Stop'),
(94, 14, 'Mamala Bus Stop'),
(95, 14, 'Thiruvankulam Bus Stop'),
(96, 14, 'Petta Bus Stop'),
(97, 14, 'Irumpanam Bus Stop'),
(98, 14, 'Vyttila Bus Stand'),
(99, 14, 'Thammanam Bus Stop'),
(100, 10, 'Mekkadambu Bus Stop'),
(101, 10, 'Kolencherry Bus Stand'),
(102, 10, 'Puthencruz Bus Stop'),
(103, 10, 'Mamala Bus Stop'),
(104, 10, 'Irumpanam Bus Stop'),
(105, 10, 'Petta Bus Stop'),
(106, 10, 'Thammanam Bus Stop'),
(107, 10, 'Thiruvankulam Bus Stop'),
(108, 15, 'Piravom Bus Stand'),
(109, 15, 'Peppathy Bus Stop'),
(110, 15, 'Arakkunnam Bus Stop'),
(111, 15, 'Mulanthuruthy Bus Stop'),
(112, 15, 'Manakunnam Bus Stop'),
(113, 15, 'Petta Bus Stop'),
(114, 15, 'Vyttila Bus Stand'),
(115, 15, 'Thammanam Bus Stop'),
(116, 12, 'Piravom Bus Stand'),
(117, 12, 'Mulakkulam Bus Stop'),
(118, 12, 'Peruva Bus Stop'),
(119, 12, 'Moorkattilppady Bus Stop'),
(120, 12, 'Kaduthuruthy Bus Stop'),
(121, 12, 'Ettumanoor Bus Stop'),
(122, 12, 'Perumbaikad Bus Stop'),
(123, 12, 'Nagampadam Bus Stop'),
(124, 13, 'Namakkuzhy Bus Stop'),
(125, 13, 'Elanji Bus Stop'),
(126, 13, 'Monippally Bus Stop'),
(127, 13, 'Kuravilangad Bus Stop'),
(128, 13, 'Ettumanoor Bus Stop'),
(129, 13, 'Perumbaikad Bus Stop'),
(130, 13, 'Nagampadam Bus Stop'),
(131, 16, 'Paravur Bus Stop'),
(132, 16, 'Alappuzha Beach'),
(133, 16, 'Aryad South Bus Stop'),
(134, 16, 'ESI Junction'),
(135, 16, 'Pathirappally Bus Stop'),
(136, 17, 'Mararikkulam Bus Stop'),
(137, 17, 'Kalavoor Bus Stop'),
(138, 17, 'Bernard Junction'),
(139, 17, 'Pathirappally Bus Stop'),
(140, 18, 'Pathirappally Bus Stop'),
(141, 18, 'Kanjiramchira Bus Stop'),
(142, 18, 'Punnapra Bus Stop'),
(143, 18, 'Vandanam Bus Stop'),
(144, 18, 'Ambalappuzha Bus Stop'),
(145, 19, 'Pathirappally Bus Stop'),
(146, 19, 'Paravur Bus Stop'),
(147, 19, 'Punnapra Bus Stop'),
(148, 19, 'Vandanam Bus Stop'),
(149, 19, 'Ambalappuzha Bus Stop'),
(150, 20, 'Piravom Bus Stand'),
(151, 20, 'Mulakkulam Bus Stop'),
(152, 20, 'Vadakunnapuzha Bus Stop'),
(153, 20, 'Peruva Bus Stop'),
(160, 22, 'Peruva Bus Stop'),
(161, 22, 'Kunnapilly Bus Stop'),
(162, 22, 'Keezhoor Bus Stop'),
(163, 22, 'Thalappara Bus Stop'),
(165, 22, 'Thalayolapparambu Bus Stop'),
(166, 23, 'Idukki Dam Park'),
(167, 23, 'Cheruthoni Bus Stop'),
(168, 23, 'Govt Medical college'),
(169, 23, 'Idukki Dam Boating Ticket Counter'),
(170, 23, 'Painavu Bus Stop'),
(172, 24, 'Pallimukku Bus Stop'),
(173, 24, 'Kappalandimukku Junction'),
(174, 24, 'Cantonment Railway Junction'),
(175, 24, 'RP mall'),
(177, 25, 'Koorkencherry Bus Stop'),
(178, 25, 'Kokkala Bus Stop'),
(179, 25, 'Poothole Bus Stop'),
(180, 25, 'Punkunnam Bus Stop'),
(181, 25, 'Puththussery Bus Stop'),
(182, 26, 'Kesavadasapuram Bus Stop'),
(183, 26, 'Pattom Bus Stop'),
(184, 26, 'Pottakkuzhi Bus Stop'),
(185, 26, 'Vadayakkadu Bus Stop'),
(186, 26, 'Kunnukuzhy Bus Stop'),
(187, 11, 'Vyttila Bus Stand'),
(188, 13, 'Piravom Bus Stand'),
(189, 16, 'Punnapra Bus Stop'),
(190, 19, 'Aryad South Bus Stop'),
(191, 21, 'Peruva Bus Stop'),
(192, 21, 'Moorkattilppady Bus Stop'),
(193, 21, 'Keezhoor Bus Stop'),
(194, 21, 'Thalayolapparambu Bus Stop'),
(195, 21, 'Thalappara Bus Stop');

-- --------------------------------------------------------

--
-- Table structure for table `tbl_subcategory`
--

CREATE TABLE `tbl_subcategory` (
  `subcategory_id` int(11) NOT NULL,
  `subcategory_name` varchar(50) NOT NULL,
  `subcategory_desc` varchar(50) NOT NULL
) ENGINE=InnoDB DEFAULT CHARSET=utf8mb4;

--
-- Dumping data for table `tbl_subcategory`
--

INSERT INTO `tbl_subcategory` (`subcategory_id`, `subcategory_name`, `subcategory_desc`) VALUES
(1, 'electronics', 'hair dryer');

-- --------------------------------------------------------

--
-- Table structure for table `tbl_user`
--

CREATE TABLE `tbl_user` (
  `user_id` int(11) NOT NULL,
  `user_name` varchar(30) NOT NULL,
  `user_gender` varchar(5) NOT NULL,
  `user_contact` varchar(15) NOT NULL,
  `user_email` varchar(50) NOT NULL,
  `place_id` int(11) NOT NULL,
  `user_pass` varchar(20) NOT NULL,
  `user_proof` varchar(100) NOT NULL,
  `user_photo` varchar(100) NOT NULL,
  `user_address` varchar(200) NOT NULL,
  `reg_date` date NOT NULL DEFAULT current_timestamp()
) ENGINE=InnoDB DEFAULT CHARSET=utf8mb4;

--
-- Dumping data for table `tbl_user`
--

INSERT INTO `tbl_user` (`user_id`, `user_name`, `user_gender`, `user_contact`, `user_email`, `place_id`, `user_pass`, `user_proof`, `user_photo`, `user_address`, `reg_date`) VALUES
(23, 'Geethu Suresh', 'FEMAL', '4385783829', 'geethusureshcs@gmail.com', 39, 'Geethu123', 'New Text Document.txt', 'shalini.jpg', 'Geethu Suresh,\n Kizhakkekkotel (H),\n Painavu,685603,\n Idukki', '2022-11-04'),
(30, 'Abhishek Mukund', 'MALE', '7558988590', 'abhishek.mukund12@gmail.com', 50, '1234', 'New Text Document.txt', 'abhishek.jpg', 'Abhishek Mukund,\r\nPiravom', '2022-11-05');

--
-- Indexes for dumped tables
--

--
-- Indexes for table `tbl_admin`
--
ALTER TABLE `tbl_admin`
  ADD PRIMARY KEY (`admin_id`);

--
-- Indexes for table `tbl_busdetails`
--
ALTER TABLE `tbl_busdetails`
  ADD PRIMARY KEY (`bus_id`);

--
-- Indexes for table `tbl_busowner`
--
ALTER TABLE `tbl_busowner`
  ADD PRIMARY KEY (`owner_id`);

--
-- Indexes for table `tbl_busrate`
--
ALTER TABLE `tbl_busrate`
  ADD PRIMARY KEY (`busrate_id`);

--
-- Indexes for table `tbl_bustiming`
--
ALTER TABLE `tbl_bustiming`
  ADD PRIMARY KEY (`bustime_id`);

--
-- Indexes for table `tbl_bustype`
--
ALTER TABLE `tbl_bustype`
  ADD PRIMARY KEY (`bustype_id`);

--
-- Indexes for table `tbl_category`
--
ALTER TABLE `tbl_category`
  ADD PRIMARY KEY (`category_id`);

--
-- Indexes for table `tbl_cnclbus`
--
ALTER TABLE `tbl_cnclbus`
  ADD PRIMARY KEY (`cncl_id`);

--
-- Indexes for table `tbl_complaint`
--
ALTER TABLE `tbl_complaint`
  ADD PRIMARY KEY (`complaint_id`);

--
-- Indexes for table `tbl_complaintype`
--
ALTER TABLE `tbl_complaintype`
  ADD PRIMARY KEY (`ctype_id`);

--
-- Indexes for table `tbl_dailycollection`
--
ALTER TABLE `tbl_dailycollection`
  ADD PRIMARY KEY (`collec_id`);

--
-- Indexes for table `tbl_district`
--
ALTER TABLE `tbl_district`
  ADD PRIMARY KEY (`district_id`);

--
-- Indexes for table `tbl_expense`
--
ALTER TABLE `tbl_expense`
  ADD PRIMARY KEY (`exp_id`);

--
-- Indexes for table `tbl_expensetype`
--
ALTER TABLE `tbl_expensetype`
  ADD PRIMARY KEY (`exptype_id`);

--
-- Indexes for table `tbl_notification`
--
ALTER TABLE `tbl_notification`
  ADD PRIMARY KEY (`not_id`);

--
-- Indexes for table `tbl_place`
--
ALTER TABLE `tbl_place`
  ADD PRIMARY KEY (`place_id`);

--
-- Indexes for table `tbl_product`
--
ALTER TABLE `tbl_product`
  ADD PRIMARY KEY (`product_id`);

--
-- Indexes for table `tbl_route`
--
ALTER TABLE `tbl_route`
  ADD PRIMARY KEY (`route_id`);

--
-- Indexes for table `tbl_routestop`
--
ALTER TABLE `tbl_routestop`
  ADD PRIMARY KEY (`routestop_id`);

--
-- Indexes for table `tbl_subcategory`
--
ALTER TABLE `tbl_subcategory`
  ADD PRIMARY KEY (`subcategory_id`);

--
-- Indexes for table `tbl_user`
--
ALTER TABLE `tbl_user`
  ADD PRIMARY KEY (`user_id`);

--
-- AUTO_INCREMENT for dumped tables
--

--
-- AUTO_INCREMENT for table `tbl_admin`
--
ALTER TABLE `tbl_admin`
  MODIFY `admin_id` int(11) NOT NULL AUTO_INCREMENT, AUTO_INCREMENT=2;

--
-- AUTO_INCREMENT for table `tbl_busdetails`
--
ALTER TABLE `tbl_busdetails`
  MODIFY `bus_id` int(11) NOT NULL AUTO_INCREMENT, AUTO_INCREMENT=34;

--
-- AUTO_INCREMENT for table `tbl_busowner`
--
ALTER TABLE `tbl_busowner`
  MODIFY `owner_id` int(11) NOT NULL AUTO_INCREMENT, AUTO_INCREMENT=19;

--
-- AUTO_INCREMENT for table `tbl_busrate`
--
ALTER TABLE `tbl_busrate`
  MODIFY `busrate_id` int(11) NOT NULL AUTO_INCREMENT, AUTO_INCREMENT=5;

--
-- AUTO_INCREMENT for table `tbl_bustiming`
--
ALTER TABLE `tbl_bustiming`
  MODIFY `bustime_id` int(11) NOT NULL AUTO_INCREMENT, AUTO_INCREMENT=185;

--
-- AUTO_INCREMENT for table `tbl_bustype`
--
ALTER TABLE `tbl_bustype`
  MODIFY `bustype_id` int(11) NOT NULL AUTO_INCREMENT, AUTO_INCREMENT=5;

--
-- AUTO_INCREMENT for table `tbl_category`
--
ALTER TABLE `tbl_category`
  MODIFY `category_id` int(11) NOT NULL AUTO_INCREMENT, AUTO_INCREMENT=2;

--
-- AUTO_INCREMENT for table `tbl_cnclbus`
--
ALTER TABLE `tbl_cnclbus`
  MODIFY `cncl_id` int(11) NOT NULL AUTO_INCREMENT, AUTO_INCREMENT=9;

--
-- AUTO_INCREMENT for table `tbl_complaint`
--
ALTER TABLE `tbl_complaint`
  MODIFY `complaint_id` int(11) NOT NULL AUTO_INCREMENT, AUTO_INCREMENT=3;

--
-- AUTO_INCREMENT for table `tbl_complaintype`
--
ALTER TABLE `tbl_complaintype`
  MODIFY `ctype_id` int(11) NOT NULL AUTO_INCREMENT, AUTO_INCREMENT=4;

--
-- AUTO_INCREMENT for table `tbl_dailycollection`
--
ALTER TABLE `tbl_dailycollection`
  MODIFY `collec_id` int(11) NOT NULL AUTO_INCREMENT, AUTO_INCREMENT=971;

--
-- AUTO_INCREMENT for table `tbl_district`
--
ALTER TABLE `tbl_district`
  MODIFY `district_id` int(11) NOT NULL AUTO_INCREMENT, AUTO_INCREMENT=31;

--
-- AUTO_INCREMENT for table `tbl_expense`
--
ALTER TABLE `tbl_expense`
  MODIFY `exp_id` int(11) NOT NULL AUTO_INCREMENT, AUTO_INCREMENT=338;

--
-- AUTO_INCREMENT for table `tbl_expensetype`
--
ALTER TABLE `tbl_expensetype`
  MODIFY `exptype_id` int(11) NOT NULL AUTO_INCREMENT, AUTO_INCREMENT=5;

--
-- AUTO_INCREMENT for table `tbl_notification`
--
ALTER TABLE `tbl_notification`
  MODIFY `not_id` int(11) NOT NULL AUTO_INCREMENT, AUTO_INCREMENT=6;

--
-- AUTO_INCREMENT for table `tbl_place`
--
ALTER TABLE `tbl_place`
  MODIFY `place_id` int(11) NOT NULL AUTO_INCREMENT, AUTO_INCREMENT=57;

--
-- AUTO_INCREMENT for table `tbl_product`
--
ALTER TABLE `tbl_product`
  MODIFY `product_id` int(11) NOT NULL AUTO_INCREMENT, AUTO_INCREMENT=4;

--
-- AUTO_INCREMENT for table `tbl_route`
--
ALTER TABLE `tbl_route`
  MODIFY `route_id` int(11) NOT NULL AUTO_INCREMENT, AUTO_INCREMENT=27;

--
-- AUTO_INCREMENT for table `tbl_routestop`
--
ALTER TABLE `tbl_routestop`
  MODIFY `routestop_id` int(11) NOT NULL AUTO_INCREMENT, AUTO_INCREMENT=196;

--
-- AUTO_INCREMENT for table `tbl_subcategory`
--
ALTER TABLE `tbl_subcategory`
  MODIFY `subcategory_id` int(11) NOT NULL AUTO_INCREMENT, AUTO_INCREMENT=4;

--
-- AUTO_INCREMENT for table `tbl_user`
--
ALTER TABLE `tbl_user`
  MODIFY `user_id` int(11) NOT NULL AUTO_INCREMENT, AUTO_INCREMENT=44;
COMMIT;

/*!40101 SET CHARACTER_SET_CLIENT=@OLD_CHARACTER_SET_CLIENT */;
/*!40101 SET CHARACTER_SET_RESULTS=@OLD_CHARACTER_SET_RESULTS */;
/*!40101 SET COLLATION_CONNECTION=@OLD_COLLATION_CONNECTION */;
